[ 
{"姓名": "皇甫享", "手机": "13734164891", "地址": ["安徽省", "宣城市", "郎溪县", "飞鲤镇", "011乡道西三立村村委会"]}
, 
{"姓名": "家按犯", "手机": "15347650776", "地址": ["西藏自治区", "", "卡若区", "城关镇", "214国道城关镇嘎东街社区居民委员会"]}
, 
{"姓名": "席赠", "手机": "15224968346", "地址": ["湖南省", "长沙市", "雨花区", "黎托街道", "黎托乡川河村雨花区托溪小学"]}
, 
{"姓名": "淳于象", "手机": "13986910893", "地址": ["辽宁省", "丹东市", "凤城市", "刘家河镇", "304国道徐家台村委会"]}
, 
{"姓名": "成偶", "手机": "18918500295", "地址": ["山西省", "吕梁市", "岚县", "王狮乡", "209国道阳湾明德小学"]}
, 
{"姓名": "何东", "手机": "13297814858", "地址": ["北京", "北京市", "东城区", "朝阳门街道", "南小街59号竹杆胡同小区"]}
, 
{"姓名": "满哪俊", "手机": "15384414182", "地址": ["福建省", "福州市", "仓山区", "临江街道", "工农路36号下池小区11号楼"]}
, 
{"姓名": "钱僻苍", "手机": "13001981786", "地址": ["安徽省", "合肥市", "瑶海区", "合肥龙岗综合经济开发区", "海洲景秀世家2期"]}
, 
{"姓名": "阳吟", "手机": "18970386517", "地址": ["上海", "上海市", "", "绿华镇", "华西村村委会"]}
, 
{"姓名": "施裕槐", "手机": "13743250056", "地址": ["上海", "上海市", "普陀区", "", "大渡河路1927弄真北新村三街坊2号楼"]}
, 
{"姓名": "农咧", "手机": "15058550687", "地址": ["江苏省", "扬州市", "江都区", "大桥镇", "昌勋村村委会"]}
, 
{"姓名": "咸陡隐", "手机": "13184142847", "地址": ["江苏省", "苏州市", "吴江区", "平望镇", "新业织造有限公司吴江区平望镇双浜村村民委员会"]}
, 
{"姓名": "池桑炉", "手机": "13739936363", "地址": ["天津", "天津市", "河西区", "友谊路街道", "黑牛城道平江南里30号丽枫酒店"]}
, 
{"姓名": "卜畸", "手机": "18974264425", "地址": ["天津", "天津市", "东丽区", "丰年村街道", "丰年村街道办事处常熟里社区居民委员会"]}
, 
{"姓名": "左悯渣", "手机": "13938948912", "地址": ["浙江省", "湖州市", "南浔区", "", "湖盐公路花城村村委会"]}
, 
{"姓名": "曹租", "手机": "13286764387", "地址": ["北京", "北京市", "丰台区", "", "张郭庄南路11号张郭庄小区"]}
, 
{"姓名": "谈艇", "手机": "18839721688", "地址": ["上海", "上海市", "黄浦区", "豫园街道", "方浜西路10号方西居委会"]}
, 
{"姓名": "白粥屠", "手机": "15363389322", "地址": ["山西省", "晋中市", "平遥县", "", "兴民街18号新南堡小学新南堡供销综合门市部"]}
, 
{"姓名": "敖堡", "手机": "15759233074", "地址": ["山东省", "烟台市", "蓬莱市", "南王街道", "芝山路中共大宁家村支部委员会"]}
, 
{"姓名": "邴拆", "手机": "15242716859", "地址": ["重庆", "重庆市", "北碚区", "龙凤桥街道", "龙凤桥街龙凤2村"]}
, 
{"姓名": "胥怕摩", "手机": "15567749658", "地址": ["天津", "天津市", "河东区", "", "成林道63号天津工业大学"]}
, 
{"姓名": "胥卫忍", "手机": "13017035415", "地址": ["福建省", "南平市", "邵武市", "卫闽镇", "谢坊村耕山队"]}
, 
{"姓名": "詹持", "手机": "13346009866", "地址": ["山西省", "晋中市", "平遥县", "古陶镇", "永安南路闫壁村委会"]}
, 
{"姓名": "卜寸潜", "手机": "13328693915", "地址": ["河北省", "保定市", "竞秀区", "东风街道", "西大园西街24号"]}
, 
{"姓名": "第五昌因", "手机": "15109633363", "地址": ["黑龙江省", "鸡西市", "密山市", "裴德镇", "兴利村农机服务站"]}
, 
{"姓名": "满虏", "手机": "15165434173", "地址": ["河南省", "焦作市", "山阳区", "中星街道", "焦辉路中马村巧莲大型弹花"]}
, 
{"姓名": "嵇雾份", "手机": "13015707188", "地址": ["上海", "上海市", "松江区", "永丰街道", "西路1635弄玉乐小区"]}
, 
{"姓名": "唐莲见", "手机": "13213992696", "地址": ["湖南省", "娄底市", "冷水江市", "三尖镇", "木山村委会中共木山村支部委员会"]}
, 
{"姓名": "胡故逊", "手机": "18980557153", "地址": ["浙江省", "舟山市", "岱山县", "岱东镇", "沙洋冷炕1号楼"]}
, 
{"姓名": "通医", "手机": "15940446431", "地址": ["广西壮族自治区", "玉林市", "容县", "", "古济村文竟队"]}
, 
{"姓名": "夏侯官深", "手机": "13800840271", "地址": ["天津", "天津市", "河北区", "光复道街道", "昌海里1号楼"]}
, 
{"姓名": "长孙佑芙", "手机": "15235566134", "地址": ["江西省", "九江市", "德安县", "爱民乡", "480乡道土塘村委会"]}
, 
